job_id,detailed_welfare
35BB8C26,Chế độ bảo hiểm
35BB8C26,Du Lịch
35BB8C26,Chế độ thưởng
35BB8C26,Chăm sóc sức khỏe
35BB8C26,Đào tạo
35BB8C26,Tăng lương
35BB8C1A,Laptop
35BB8C1A,Chế độ bảo hiểm
35BB8C1A,Du Lịch
35BB8C1A,Phụ cấp
35BB8C1A,Du lịch nước ngoài
35BB8C1A,Đồng phục
35BB8C1A,Chế độ thưởng
35BB8C1A,Chăm sóc sức khỏe
35BB8C1A,Đào tạo
35BB8C1A,Tăng lương
35BB8C1A,Công tác phí
35BB8C1A,Nghỉ phép năm
35BB8C1A,CLB thể thao
35BB8C17,Chế độ bảo hiểm
35BB8C17,Du Lịch
35BB8C17,Chế độ thưởng
35BB8C17,Chăm sóc sức khỏe
35BB8C17,Đào tạo
35BB8C17,Tăng lương
35BB8C1B,Laptop
35BB8C1B,Chế độ bảo hiểm
35BB8C1B,Du Lịch
35BB8C1B,Phụ cấp
35BB8C1B,Du lịch nước ngoài
35BB8C1B,Đồng phục
35BB8C1B,Chế độ thưởng
35BB8C1B,Chăm sóc sức khỏe
35BB8C1B,Đào tạo
35BB8C1B,Tăng lương
35BB8C1B,Công tác phí
35BB8C1B,Nghỉ phép năm
35BB8C1B,CLB thể thao
35BB8C21,Laptop
35BB8C21,Chế độ bảo hiểm
35BB8C21,Du Lịch
35BB8C21,Phụ cấp
35BB8C21,Du lịch nước ngoài
35BB8C21,Đồng phục
35BB8C21,Chế độ thưởng
35BB8C21,Chăm sóc sức khỏe
35BB8C21,Đào tạo
35BB8C21,Tăng lương
35BB8C21,Công tác phí
35BB8C21,Nghỉ phép năm
35BB8C21,CLB thể thao
35BB8C1D,Laptop
35BB8C1D,Chế độ bảo hiểm
35BB8C1D,Du Lịch
35BB8C1D,Phụ cấp
35BB8C1D,Du lịch nước ngoài
35BB8C1D,Đồng phục
35BB8C1D,Chế độ thưởng
35BB8C1D,Chăm sóc sức khỏe
35BB8C1D,Đào tạo
35BB8C1D,Tăng lương
35BB8C1D,Công tác phí
35BB8C1D,Nghỉ phép năm
35BB8C1D,CLB thể thao
35BB8C1F,Chế độ bảo hiểm
35BB8C1F,Chế độ thưởng
35BB8C1F,Chăm sóc sức khỏe
35BB8C1F,Đào tạo
35BB8C1F,Tăng lương
35BB8C20,Laptop
35BB8C20,Chế độ bảo hiểm
35BB8C20,Du Lịch
35BB8C20,Đồng phục
35BB8C20,Chế độ thưởng
35BB8C20,Chăm sóc sức khỏe
35BB8C20,Đào tạo
35BB8C20,Tăng lương
35BB8C20,Nghỉ phép năm
35BB8C22,Laptop
35BB8C22,Chế độ bảo hiểm
35BB8C22,Du Lịch
35BB8C22,Du lịch nước ngoài
35BB8C22,Chế độ thưởng
35BB8C22,Chăm sóc sức khỏe
35BB8C22,Đào tạo
35BB8C22,Tăng lương
35BB8C22,Công tác phí
35BB8C22,Nghỉ phép năm
35BB8C22,CLB thể thao
35BB8C1C,Chế độ bảo hiểm
35BB8C1C,Du Lịch
35BB8C1C,Chế độ thưởng
35BB8C1C,Chăm sóc sức khỏe
35BB8C1C,Đào tạo
35BB8C1C,Tăng lương
35BB8C24,Laptop
35BB8C24,Chế độ bảo hiểm
35BB8C24,Du Lịch
35BB8C24,Phụ cấp
35BB8C24,Du lịch nước ngoài
35BB8C24,Đồng phục
35BB8C24,Chế độ thưởng
35BB8C24,Chăm sóc sức khỏe
35BB8C24,Đào tạo
35BB8C24,Tăng lương
35BB8C24,Công tác phí
35BB8C24,Nghỉ phép năm
35BB8C24,CLB thể thao
35BB8C25,Chế độ bảo hiểm
35BB8C25,Du Lịch
35BB8C25,Phụ cấp
35BB8C25,Đồng phục
35BB8C25,Chế độ thưởng
35BB8C25,Chăm sóc sức khỏe
35BB8C25,Đào tạo
35BB8C25,Tăng lương
35BB8C25,Phụ cấp thâm niên
35BB8C25,Nghỉ phép năm
35BB63C0,Chế độ bảo hiểm
35BB63C0,Du Lịch
35BB63C0,Phụ cấp
35BB63C0,Đồng phục
35BB63C0,Chế độ thưởng
35BB63C0,Chăm sóc sức khỏe
35BB63C0,Đào tạo
35BB63C0,Tăng lương
35BB63C0,Nghỉ phép năm
35BB8C23,Laptop
35BB8C23,Chế độ bảo hiểm
35BB8C23,Du Lịch
35BB8C23,Du lịch nước ngoài
35BB8C23,Đồng phục
35BB8C23,Chế độ thưởng
35BB8C23,Đào tạo
35BB8C23,Tăng lương
35BB8C23,Công tác phí
35BB8C23,Nghỉ phép năm
35BB8C23,CLB thể thao
35BB8C0B,Chế độ bảo hiểm
35BB8C0B,Du Lịch
35BB8C0B,Phụ cấp
35BB8C0B,Chế độ thưởng
35BB8C0B,Đào tạo
35BB8C0B,Tăng lương
35BB8B11,Chế độ bảo hiểm
35BB8B11,Du Lịch
35BB8B11,Phụ cấp
35BB8B11,Đồng phục
35BB8B11,Chế độ thưởng
35BB8B11,Đào tạo
35BB8B11,Tăng lương
35BB8B11,Nghỉ phép năm
35BB8C12,Chế độ bảo hiểm
35BB8C12,Du Lịch
35BB8C12,Chế độ thưởng
35BB8C12,Chăm sóc sức khỏe
35BB8C12,Đào tạo
35BB8C12,Tăng lương
35BB8C12,Nghỉ phép năm
35BB8C15,Laptop
35BB8C15,Chế độ bảo hiểm
35BB8C15,Du Lịch
35BB8C15,Phụ cấp
35BB8C15,Đồng phục
35BB8C15,Chế độ thưởng
35BB8C15,Chăm sóc sức khỏe
35BB8C15,Đào tạo
35BB8C15,Tăng lương
35BB8C15,Công tác phí
35BB8C15,Phụ cấp thâm niên
35BB8C15,Nghỉ phép năm
35BB8C14,Laptop
35BB8C14,Chế độ bảo hiểm
35BB8C14,Du Lịch
35BB8C14,Phụ cấp
35BB8C14,Đồng phục
35BB8C14,Chế độ thưởng
35BB8C14,Chăm sóc sức khỏe
35BB8C14,Đào tạo
35BB8C14,Tăng lương
35BB8C14,Công tác phí
35BB8C14,Phụ cấp thâm niên
35BB8C14,Nghỉ phép năm
35BB8C16,Laptop
35BB8C16,Chế độ bảo hiểm
35BB8C16,Du Lịch
35BB8C16,Phụ cấp
35BB8C16,Đồng phục
35BB8C16,Chế độ thưởng
35BB8C16,Chăm sóc sức khỏe
35BB8C16,Đào tạo
35BB8C16,Tăng lương
35BB8C16,Công tác phí
35BB8C16,Phụ cấp thâm niên
35BB8C16,Nghỉ phép năm
35BB8BF9,Laptop
35BB8BF9,Chế độ bảo hiểm
35BB8BF9,Du Lịch
35BB8BF9,Chế độ thưởng
35BB8BF9,Chăm sóc sức khỏe
35BB8BF9,Đào tạo
35BB8BF9,Tăng lương
35BB8BF9,Nghỉ phép năm
35BB8BFB,Laptop
35BB8BFB,Chế độ bảo hiểm
35BB8BFB,Du Lịch
35BB8BFB,Chế độ thưởng
35BB8BFB,Chăm sóc sức khỏe
35BB8BFB,Đào tạo
35BB8BFB,Tăng lương
35BB8BFB,Công tác phí
35BB8BFB,Nghỉ phép năm
35BB8C07,Chế độ bảo hiểm
35BB8C07,Du Lịch
35BB8C07,Chế độ thưởng
35BB8C07,Chăm sóc sức khỏe
35BB8C07,Đào tạo
35BB8C07,Tăng lương
35BB8BFA,Laptop
35BB8BFA,Chế độ bảo hiểm
35BB8BFA,Du Lịch
35BB8BFA,Chế độ thưởng
35BB8BFA,Chăm sóc sức khỏe
35BB8BFA,Đào tạo
35BB8BFA,Tăng lương
35BB8BFA,Công tác phí
35BB8BFA,Nghỉ phép năm
35BB8BFC,Chế độ bảo hiểm
35BB8BFC,Du Lịch
35BB8BFC,Chế độ thưởng
35BB8BFC,Chăm sóc sức khỏe
35BB8BFC,Đào tạo
35BB8BFC,Tăng lương
35BB8BFF,Chế độ bảo hiểm
35BB8BFF,Du Lịch
35BB8BFF,Chế độ thưởng
35BB8BFF,Chăm sóc sức khỏe
35BB8BFF,Đào tạo
35BB8BFF,Tăng lương
35BB8BFD,Laptop
35BB8BFD,Chế độ bảo hiểm
35BB8BFD,Du Lịch
35BB8BFD,Phụ cấp
35BB8BFD,Đồng phục
35BB8BFD,Chế độ thưởng
35BB8BFD,Chăm sóc sức khỏe
35BB8BFD,Đào tạo
35BB8BFD,Tăng lương
35BB8BFD,Công tác phí
35BB8BFD,Nghỉ phép năm
35BB8BF4,Laptop
35BB8BF4,Chế độ bảo hiểm
35BB8BF4,Du Lịch
35BB8BF4,Chế độ thưởng
35BB8BF4,Chăm sóc sức khỏe
35BB8BF4,Tăng lương
35BB8BF4,Nghỉ phép năm
35BB8B6E,Chế độ bảo hiểm
35BB8B6E,Du Lịch
35BB8B6E,Phụ cấp
35BB8B6E,Đồng phục
35BB8B6E,Chế độ thưởng
35BB8B6E,Chăm sóc sức khỏe
35BB8B6E,Đào tạo
35BB8B6E,Tăng lương
35BB8B6E,Công tác phí
35BB8B6E,Nghỉ phép năm
35BB8BF8,Laptop
35BB8BF8,Chế độ bảo hiểm
35BB8BF8,Du Lịch
35BB8BF8,Phụ cấp
35BB8BF8,Xe đưa đón
35BB8BF8,Chế độ thưởng
35BB8BF8,Chăm sóc sức khỏe
35BB8BF8,Đào tạo
35BB8BF8,Tăng lương
35BB8BF8,Công tác phí
35BB8961,Laptop
35BB8961,Chế độ bảo hiểm
35BB8961,Du Lịch
35BB8961,Chế độ thưởng
35BB8961,Chăm sóc sức khỏe
35BB8961,Đào tạo
35BB8961,Tăng lương
35BB8C00,Laptop
35BB8C00,Chế độ bảo hiểm
35BB8C00,Du Lịch
35BB8C00,Phụ cấp
35BB8C00,Chế độ thưởng
35BB8C00,Chăm sóc sức khỏe
35BB8C00,Đào tạo
35BB8C00,Tăng lương
35BB8C00,Công tác phí
35BB8C00,Nghỉ phép năm
35BB8BF2,Laptop
35BB8BF2,Chế độ bảo hiểm
35BB8BF2,Du Lịch
35BB8BF2,Chế độ thưởng
35BB8BF2,Chăm sóc sức khỏe
35BB8BF2,Đào tạo
35BB8BF2,Tăng lương
35BB8BF6,Laptop
35BB8BF6,Chế độ bảo hiểm
35BB8BF6,Du Lịch
35BB8BF6,Phụ cấp
35BB8BF6,Đồng phục
35BB8BF6,Chế độ thưởng
35BB8BF6,Đào tạo
35BB8BF6,Tăng lương
35BB8BF6,Nghỉ phép năm
35BB894F,Laptop
35BB894F,Chế độ bảo hiểm
35BB894F,Du Lịch
35BB894F,Chế độ thưởng
35BB894F,Chăm sóc sức khỏe
35BB894F,Đào tạo
35BB894F,Tăng lương
35BB8BF5,Laptop
35BB8BF5,Chế độ bảo hiểm
35BB8BF5,Du Lịch
35BB8BF5,Phụ cấp
35BB8BF5,Đồng phục
35BB8BF5,Chế độ thưởng
35BB8BF5,Chăm sóc sức khỏe
35BB8BF5,Đào tạo
35BB8BF5,Tăng lương
35BB8BF5,Công tác phí
35BB8BF5,Phụ cấp thâm niên
35BB8BF5,Nghỉ phép năm
35BB8BF5,CLB thể thao
35BB8C02,Unknown
35BB8C04,Laptop
35BB8C04,Chế độ bảo hiểm
35BB8C04,Du Lịch
35BB8C04,Phụ cấp
35BB8C04,Đồng phục
35BB8C04,Chế độ thưởng
35BB8C04,Chăm sóc sức khỏe
35BB8C04,Đào tạo
35BB8C04,Tăng lương
35BB8C04,Công tác phí
35BB8C04,Phụ cấp thâm niên
35BB8C04,Nghỉ phép năm
35BB8C04,CLB thể thao
35BB8C06,Laptop
35BB8C06,Chế độ bảo hiểm
35BB8C06,Du Lịch
35BB8C06,Phụ cấp
35BB8C06,Chế độ thưởng
35BB8C06,Chăm sóc sức khỏe
35BB8C06,Tăng lương
35BB8C06,Phụ cấp thâm niên
35BB8C06,Nghỉ phép năm
35BB8BD0,Chế độ bảo hiểm
35BB8BD0,Du Lịch
35BB8BD0,Chế độ thưởng
35BB8BD0,Đào tạo
35BB8BD0,Tăng lương
35BB8BB7,Chế độ bảo hiểm
35BB8BB7,Du Lịch
35BB8BB7,Phụ cấp
35BB8BB7,Chăm sóc sức khỏe
35BB8BB7,Đào tạo
35BB8BB7,Nghỉ phép năm
35BB8C03,Du Lịch
35BB8C03,Chế độ thưởng
35BB8C03,Chăm sóc sức khỏe
35BB8C03,Đào tạo
35BB8C03,Tăng lương
35BB8BA3,Laptop
35BB8BA3,Chế độ bảo hiểm
35BB8BA3,Du Lịch
35BB8BA3,Phụ cấp
35BB8BA3,Đồng phục
35BB8BA3,Chế độ thưởng
35BB8BA3,Chăm sóc sức khỏe
35BB8BA3,Đào tạo
35BB8BA3,Tăng lương
35BB8BA3,Nghỉ phép năm
35BB8BC1,Laptop
35BB8BC1,Chế độ bảo hiểm
35BB8BC1,Du Lịch
35BB8BC1,Phụ cấp
35BB8BC1,Chế độ thưởng
35BB8BC1,Chăm sóc sức khỏe
35BB8BC1,Tăng lương
35BB8BC1,Công tác phí
35BB8BC1,Nghỉ phép năm
35BB8B90,Chế độ bảo hiểm
35BB8B90,Du Lịch
35BB8B90,Phụ cấp
35BB8B90,Đồng phục
35BB8B90,Chế độ thưởng
35BB8B90,Chăm sóc sức khỏe
35BB8B90,Đào tạo
35BB8B90,Tăng lương
35BB8B90,Phụ cấp thâm niên
35BB8B90,Nghỉ phép năm
35BB8B5F,Laptop
35BB8B5F,Chế độ bảo hiểm
35BB8B5F,Du Lịch
35BB8B5F,Phụ cấp
35BB8B5F,Chế độ thưởng
35BB8B5F,Chăm sóc sức khỏe
35BB8B5F,Đào tạo
35BB8B5F,Tăng lương
35BB8B5F,Phụ cấp thâm niên
35BB8B5F,Nghỉ phép năm
35BB8B5F,CLB thể thao
35BB8BC2,Laptop
35BB8BC2,Chế độ bảo hiểm
35BB8BC2,Phụ cấp
35BB8BC2,Đồng phục
35BB8BC2,Chăm sóc sức khỏe
35BB8BC2,Tăng lương
35BB8BC7,Laptop
35BB8BC7,Chế độ bảo hiểm
35BB8BC7,Du Lịch
35BB8BC7,Phụ cấp
35BB8BC7,Xe đưa đón
35BB8BC7,Đồng phục
35BB8BC7,Chế độ thưởng
35BB8BC7,Chăm sóc sức khỏe
35BB8BC7,Đào tạo
35BB8BC7,Tăng lương
35BB8BC7,Công tác phí
35BB8BC7,Phụ cấp thâm niên
35BB8BC7,Nghỉ phép năm
35BB8BC0,Chế độ bảo hiểm
35BB8BC0,Chế độ thưởng
35BB8BC0,Chăm sóc sức khỏe
35BB8BC0,Đào tạo
35BB8BC0,Tăng lương
35BB8BC0,Nghỉ phép năm
35BB8BC3,Chế độ bảo hiểm
35BB8BC3,Phụ cấp
35BB8BC3,Đồng phục
35BB8BC3,Chăm sóc sức khỏe
35BB8BC3,Đào tạo
35BB8BC3,Tăng lương
35BB8BC3,Nghỉ phép năm
35BB8BC3,CLB thể thao
35BB8BC9,Laptop
35BB8BC9,Chế độ bảo hiểm
35BB8BC9,Du Lịch
35BB8BC9,Phụ cấp
35BB8BC9,Đồng phục
35BB8BC9,Chế độ thưởng
35BB8BC9,Chăm sóc sức khỏe
35BB8BC9,Đào tạo
35BB8BC9,Tăng lương
35BB8BC9,Công tác phí
35BB8BC9,Phụ cấp thâm niên
35BB8BC9,Nghỉ phép năm
35BB8BC4,Chế độ bảo hiểm
35BB8BC4,Phụ cấp
35BB8BC4,Xe đưa đón
35BB8BC4,Đồng phục
35BB8BC4,Chăm sóc sức khỏe
35BB8BC4,Đào tạo
35BB8BC4,Tăng lương
35BB8BC4,Công tác phí
35BB8BC4,Nghỉ phép năm
35BB8BC4,CLB thể thao
35BB8BC8,Chế độ bảo hiểm
35BB8BC8,Du Lịch
35BB8BC8,Phụ cấp
35BB8BC8,Chế độ thưởng
35BB8BC8,Chăm sóc sức khỏe
35BB8BC8,Đào tạo
35BB8BC8,Tăng lương
35BB8BC8,Nghỉ phép năm
35BB8BC6,Laptop
35BB8BC6,Chế độ bảo hiểm
35BB8BC6,Du Lịch
35BB8BC6,Phụ cấp
35BB8BC6,Đồng phục
35BB8BC6,Chế độ thưởng
35BB8BC6,Chăm sóc sức khỏe
35BB8BC6,Đào tạo
35BB8BC6,Tăng lương
35BB8BC6,Công tác phí
35BB8BC6,Phụ cấp thâm niên
35BB8BC6,Nghỉ phép năm
35BB8BC5,Laptop
35BB8BC5,Chế độ bảo hiểm
35BB8BC5,Du Lịch
35BB8BC5,Phụ cấp
35BB8BC5,Chế độ thưởng
35BB8BC5,Chăm sóc sức khỏe
35BB8BC5,Đào tạo
35BB8BC5,Tăng lương
35BB8BC5,Công tác phí
35BB8BC5,Nghỉ phép năm
35BB8BCB,Laptop
35BB8BCB,Chế độ bảo hiểm
35BB8BCB,Du Lịch
35BB8BCB,Phụ cấp
35BB8BCB,Đồng phục
35BB8BCB,Chế độ thưởng
35BB8BCB,Chăm sóc sức khỏe
35BB8BCB,Đào tạo
35BB8BCB,Tăng lương
35BB8BCB,Công tác phí
35BB8BCB,Phụ cấp thâm niên
35BB8BCB,Nghỉ phép năm
35BB8BCA,Laptop
35BB8BCA,Chế độ bảo hiểm
35BB8BCA,Du Lịch
35BB8BCA,Phụ cấp
35BB8BCA,Đồng phục
35BB8BCA,Chế độ thưởng
35BB8BCA,Chăm sóc sức khỏe
35BB8BCA,Đào tạo
35BB8BCA,Tăng lương
35BB8BCA,Công tác phí
35BB8BCA,Phụ cấp thâm niên
35BB8BCA,Nghỉ phép năm
35BB8BCC,Laptop
35BB8BCC,Chế độ bảo hiểm
35BB8BCC,Du Lịch
35BB8BCC,Phụ cấp
35BB8BCC,Đồng phục
35BB8BCC,Chế độ thưởng
35BB8BCC,Chăm sóc sức khỏe
35BB8BCC,Đào tạo
35BB8BCC,Tăng lương
35BB8BCC,Công tác phí
35BB8BCC,Phụ cấp thâm niên
35BB8BCC,Nghỉ phép năm
35BB8BCD,Laptop
35BB8BCD,Chế độ bảo hiểm
35BB8BCD,Du Lịch
35BB8BCD,Phụ cấp
35BB8BCD,Đồng phục
35BB8BCD,Chế độ thưởng
35BB8BCD,Chăm sóc sức khỏe
35BB8BCD,Đào tạo
35BB8BCD,Tăng lương
35BB8BCD,Công tác phí
35BB8BCD,Phụ cấp thâm niên
35BB8BCD,Nghỉ phép năm
35BB8B82,Laptop
35BB8B82,Chế độ bảo hiểm
35BB8B82,Du Lịch
35BB8B82,Phụ cấp
35BB8B82,Đồng phục
35BB8B82,Chế độ thưởng
35BB8B82,Đào tạo
35BB8B82,Tăng lương
35BB8B82,Công tác phí
35BB8B82,Phụ cấp thâm niên
35BB8B82,Nghỉ phép năm
35BB8BCF,Laptop
35BB8BCF,Chế độ bảo hiểm
35BB8BCF,Du Lịch
35BB8BCF,Phụ cấp
35BB8BCF,Đồng phục
35BB8BCF,Chế độ thưởng
35BB8BCF,Chăm sóc sức khỏe
35BB8BCF,Đào tạo
35BB8BCF,Tăng lương
35BB8BCF,Công tác phí
35BB8BCF,Phụ cấp thâm niên
35BB8BCF,Nghỉ phép năm
35BB8B88,Unknown
35BB8376,Chế độ bảo hiểm
35BB8376,Du Lịch
35BB8376,Chế độ thưởng
35BB8376,Chăm sóc sức khỏe
35BB8376,Đào tạo
35BB8376,Tăng lương
35BB8B86,Laptop
35BB8B86,Chế độ bảo hiểm
35BB8B86,Du Lịch
35BB8B86,Phụ cấp
35BB8B86,Chế độ thưởng
35BB8B86,Chăm sóc sức khỏe
35BB8B86,Đào tạo
35BB8B86,Tăng lương
35BB8B89,Chế độ bảo hiểm
35BB8B89,Du Lịch
35BB8B89,Phụ cấp
35BB8B89,Đồng phục
35BB8B89,Chế độ thưởng
35BB8B89,Chăm sóc sức khỏe
35BB8B89,Đào tạo
35BB8B89,Tăng lương
35BB8B89,Công tác phí
35BB8B89,Phụ cấp thâm niên
35BB8B89,Nghỉ phép năm
35BB8B8C,Chế độ bảo hiểm
35BB8B8C,Du Lịch
35BB8B8C,Phụ cấp
35BB8B8C,Đồng phục
35BB8B8C,Chế độ thưởng
35BB8B8C,Chăm sóc sức khỏe
35BB8B8C,Đào tạo
35BB8B8C,Tăng lương
35BB8B8C,Công tác phí
35BB8B8C,Phụ cấp thâm niên
35BB8B8C,Nghỉ phép năm
35BB8B8F,Chế độ bảo hiểm
35BB8B8F,Du Lịch
35BB8B8F,Phụ cấp
35BB8B8F,Chế độ thưởng
35BB8B8F,Chăm sóc sức khỏe
35BB8B8F,Đào tạo
35BB8B8F,Tăng lương
35BB8B8F,Công tác phí
35BB8B8F,Nghỉ phép năm
35BB8B8A,Unknown
35BB8B32,Đào tạo
35BB8B95,Chế độ bảo hiểm
35BB8B95,Du Lịch
35BB8B95,Chế độ thưởng
35BB8B95,Chăm sóc sức khỏe
35BB8B95,Đào tạo
35BB8B96,Unknown
35BB664B,Chế độ bảo hiểm
35BB664B,Du Lịch
35BB664B,Chế độ thưởng
35BB664B,Chăm sóc sức khỏe
35BB664B,Đào tạo
35BB664B,Tăng lương
35BB664B,Nghỉ phép năm
35BB8B94,Laptop
35BB8B94,Chế độ bảo hiểm
35BB8B94,Du Lịch
35BB8B94,Chế độ thưởng
35BB8B94,Chăm sóc sức khỏe
35BB8B94,Đào tạo
35BB8B94,Tăng lương
35BB8B94,Công tác phí
35BB8B94,Phụ cấp thâm niên
35BB8B94,Nghỉ phép năm
35BB8B8E,Laptop
35BB8B8E,Chế độ bảo hiểm
35BB8B8E,Du Lịch
35BB8B8E,Chế độ thưởng
35BB8B8E,Chăm sóc sức khỏe
35BB8B8E,Đào tạo
35BB8B8E,Tăng lương
35BB8B8E,Nghỉ phép năm
35BB8B87,Laptop
35BB8B87,Chế độ bảo hiểm
35BB8B87,Du Lịch
35BB8B87,Phụ cấp
35BB8B87,Chế độ thưởng
35BB8B87,Đào tạo
35BB8B87,Tăng lương
35BB8B87,Nghỉ phép năm
35BB8B4B,Chế độ bảo hiểm
35BB8B4B,Phụ cấp
35BB8B4B,Xe đưa đón
35BB8B4B,Chăm sóc sức khỏe
35BB8B4B,Tăng lương
35BB8B4B,Nghỉ phép năm
35BB8B92,Laptop
35BB8B92,Chế độ bảo hiểm
35BB8B92,Du Lịch
35BB8B92,Phụ cấp
35BB8B92,Đồng phục
35BB8B92,Chế độ thưởng
35BB8B92,Chăm sóc sức khỏe
35BB8B92,Đào tạo
35BB8B92,Tăng lương
35BB8B92,Nghỉ phép năm
35BB8B4C,Laptop
35BB8B4C,Chế độ bảo hiểm
35BB8B4C,Du Lịch
35BB8B4C,Phụ cấp
35BB8B4C,Xe đưa đón
35BB8B4C,Đồng phục
35BB8B4C,Chế độ thưởng
35BB8B4C,Chăm sóc sức khỏe
35BB8B4C,Đào tạo
35BB8B4C,Tăng lương
35BB8B4C,Công tác phí
35BB8B4C,Phụ cấp thâm niên
35BB8B4C,Nghỉ phép năm
35BB8B4C,CLB thể thao
35BB8B4A,Chế độ bảo hiểm
35BB8B4A,Chế độ thưởng
35BB8B4A,Đào tạo
35BB8B4A,Tăng lương
35BB8B4A,Phụ cấp thâm niên
35BB8B4A,Nghỉ phép năm
35BB8B45,Chế độ bảo hiểm
35BB8B45,Du Lịch
35BB8B45,Phụ cấp
35BB8B45,Đồng phục
35BB8B45,Chế độ thưởng
35BB8B45,Chăm sóc sức khỏe
35BB8B45,Đào tạo
35BB8B45,Tăng lương
35BB8B45,Công tác phí
35BB8B45,Nghỉ phép năm
35BB8B4E,Chế độ bảo hiểm
35BB8B4E,Du Lịch
35BB8B4E,Phụ cấp
35BB8B4E,Chế độ thưởng
35BB8B4E,Chăm sóc sức khỏe
35BB8B4E,Đào tạo
35BB8B4E,Tăng lương
35BB8B4E,Công tác phí
35BB8B4E,Nghỉ phép năm
35BB8B4D,Unknown
35BB8B4F,Chế độ bảo hiểm
35BB8B4F,Du Lịch
35BB8B4F,Phụ cấp
35BB8B4F,Đồng phục
35BB8B4F,Chế độ thưởng
35BB8B4F,Chăm sóc sức khỏe
35BB8B4F,Đào tạo
35BB8B4F,Tăng lương
35BB8B4F,Phụ cấp thâm niên
35BB8B4F,Nghỉ phép năm
35BB8B33,Chế độ bảo hiểm
35BB8B33,Du Lịch
35BB8B33,Đào tạo
35BB8B33,Tăng lương
35BB8B33,Nghỉ phép năm
35BB8B54,Chế độ bảo hiểm
35BB8B54,Du Lịch
35BB8B54,Phụ cấp
35BB8B54,Chế độ thưởng
35BB8B54,Chăm sóc sức khỏe
35BB8B54,Đào tạo
35BB8B54,Tăng lương
35BB8B54,Nghỉ phép năm
35BB8B52,Laptop
35BB8B52,Chế độ bảo hiểm
35BB8B52,Du Lịch
35BB8B52,Phụ cấp
35BB8B52,Xe đưa đón
35BB8B52,Du lịch nước ngoài
35BB8B52,Đồng phục
35BB8B52,Chế độ thưởng
35BB8B52,Chăm sóc sức khỏe
35BB8B52,Đào tạo
35BB8B52,Tăng lương
35BB8B52,Công tác phí
35BB8B52,Phụ cấp thâm niên
35BB8B52,Nghỉ phép năm
35BB8B52,CLB thể thao
35BB8B53,Laptop
35BB8B53,Chế độ bảo hiểm
35BB8B53,Du Lịch
35BB8B53,Phụ cấp
35BB8B53,Đồng phục
35BB8B53,Chế độ thưởng
35BB8B53,Chăm sóc sức khỏe
35BB8B53,Đào tạo
35BB8B53,Tăng lương
35BB8B53,Công tác phí
35BB8B53,Phụ cấp thâm niên
35BB8B53,Nghỉ phép năm
35BB8B5B,Laptop
35BB8B5B,Chế độ bảo hiểm
35BB8B5B,Du Lịch
35BB8B5B,Chế độ thưởng
35BB8B5B,Đào tạo
35BB8B5B,Tăng lương
35BB8B59,Laptop
35BB8B59,Chế độ bảo hiểm
35BB8B59,Du Lịch
35BB8B59,Phụ cấp
35BB8B59,Đồng phục
35BB8B59,Chế độ thưởng
35BB8B59,Chăm sóc sức khỏe
35BB8B59,Đào tạo
35BB8B59,Tăng lương
35BB8B59,Công tác phí
35BB8B59,Nghỉ phép năm
35BB8B5C,Chế độ bảo hiểm
35BB8B5C,Du Lịch
35BB8B5C,Chế độ thưởng
35BB8B5C,Chăm sóc sức khỏe
35BB8B5C,Đào tạo
35BB8B5C,Tăng lương
35BB8B5D,Laptop
35BB8B5D,Chế độ bảo hiểm
35BB8B5D,Du Lịch
35BB8B5D,Phụ cấp
35BB8B5D,Xe đưa đón
35BB8B5D,Du lịch nước ngoài
35BB8B5D,Đồng phục
35BB8B5D,Chế độ thưởng
35BB8B5D,Chăm sóc sức khỏe
35BB8B5D,Đào tạo
35BB8B5D,Tăng lương
35BB8B5D,Công tác phí
35BB8B5D,Phụ cấp thâm niên
35BB8B5D,Nghỉ phép năm
35BB8B5D,CLB thể thao
35BB8AF2,Laptop
35BB8AF2,Chế độ bảo hiểm
35BB8AF2,Du Lịch
35BB8AF2,Phụ cấp
35BB8AF2,Du lịch nước ngoài
35BB8AF2,Đồng phục
35BB8AF2,Chế độ thưởng
35BB8AF2,Chăm sóc sức khỏe
35BB8AF2,Đào tạo
35BB8AF2,Tăng lương
35BB8AF2,Công tác phí
35BB8AF2,Nghỉ phép năm
35BB8B60,Chế độ bảo hiểm
35BB8B60,Phụ cấp
35BB8B60,Xe đưa đón
35BB8B60,Chăm sóc sức khỏe
35BB8B60,Đào tạo
35BB8B60,Tăng lương
35BB8B0E,Chế độ bảo hiểm
35BB8B0E,Du Lịch
35BB8B0E,Du lịch nước ngoài
35BB8B0E,Đồng phục
35BB8B0E,Chế độ thưởng
35BB8B0E,Chăm sóc sức khỏe
35BB8B0E,Đào tạo
35BB8B0E,Tăng lương
35BB8B0E,Nghỉ phép năm
35BB8B0E,CLB thể thao
35BB8B56,Laptop
35BB8B56,Chế độ bảo hiểm
35BB8B56,Du Lịch
35BB8B56,Phụ cấp
35BB8B56,Xe đưa đón
35BB8B56,Chế độ thưởng
35BB8B56,Chăm sóc sức khỏe
35BB8B56,Đào tạo
35BB8B56,Tăng lương
35BB8B56,Công tác phí
35BB8B56,Nghỉ phép năm
35BB8B0C,Chế độ bảo hiểm
35BB8B0C,Du Lịch
35BB8B0C,Phụ cấp
35BB8B0C,Chế độ thưởng
35BB8B0C,Chăm sóc sức khỏe
35BB8B0C,Đào tạo
35BB8B0C,Tăng lương
35BB8B0C,Công tác phí
35BB8B0C,Phụ cấp thâm niên
35BB8B0C,Nghỉ phép năm
35BB20C4,Chế độ bảo hiểm
35BB20C4,Du Lịch
35BB20C4,Đồng phục
35BB20C4,Chế độ thưởng
35BB20C4,Chăm sóc sức khỏe
35BB20C4,Đào tạo
35BB20C4,Tăng lương
35BB20C4,Công tác phí
35BB20C4,Nghỉ phép năm
35BB8B14,Chế độ bảo hiểm
35BB8B14,Du Lịch
35BB8B14,Phụ cấp
35BB8B14,Xe đưa đón
35BB8B14,Đồng phục
35BB8B14,Chế độ thưởng
35BB8B14,Chăm sóc sức khỏe
35BB8B14,Đào tạo
35BB8B14,Tăng lương
35BB8B14,Công tác phí
35BB8B14,Phụ cấp thâm niên
35BB8B14,Nghỉ phép năm
35BB8B14,CLB thể thao
35BB8B12,Chế độ bảo hiểm
35BB8B12,Du Lịch
35BB8B12,Chế độ thưởng
35BB8B12,Chăm sóc sức khỏe
35BB8B12,Đào tạo
35BB8B12,Tăng lương
35BB8B13,Laptop
35BB8B13,Chế độ bảo hiểm
35BB8B13,Phụ cấp
35BB8B13,Đồng phục
35BB8B13,Chế độ thưởng
35BB8B13,Đào tạo
35BB8B13,Tăng lương
35BB8B13,Công tác phí
35BB8B13,Phụ cấp thâm niên
35BB8B13,Nghỉ phép năm
35BB8A49,Chế độ bảo hiểm
35BB8A49,Du Lịch
35BB8A49,Đồng phục
35BB8A49,Chế độ thưởng
35BB8A49,Chăm sóc sức khỏe
35BB8A49,Đào tạo
35BB8A49,Tăng lương
35BB8A49,Công tác phí
35BB8A49,Nghỉ phép năm
35BB8B18,Laptop
35BB8B18,Chế độ bảo hiểm
35BB8B18,Du Lịch
35BB8B18,Đồng phục
35BB8B18,Chế độ thưởng
35BB8B18,Chăm sóc sức khỏe
35BB8B18,Đào tạo
35BB8B18,Tăng lương
35BB8B18,Nghỉ phép năm
35BB8B18,CLB thể thao
35BB8B17,Chế độ bảo hiểm
35BB8B17,Du Lịch
35BB8B17,Phụ cấp
35BB8B17,Xe đưa đón
35BB8B17,Đồng phục
35BB8B17,Chế độ thưởng
35BB8B17,Chăm sóc sức khỏe
35BB8B17,Đào tạo
35BB8B17,Tăng lương
35BB8B17,Công tác phí
35BB8B17,Phụ cấp thâm niên
35BB8B17,Nghỉ phép năm
35BB8B17,CLB thể thao
35BB8B0F,Chế độ bảo hiểm
35BB8B0F,Du Lịch
35BB8B0F,Phụ cấp
35BB8B0F,Du lịch nước ngoài
35BB8B0F,Đồng phục
35BB8B0F,Chế độ thưởng
35BB8B0F,Chăm sóc sức khỏe
35BB8B0F,Đào tạo
35BB8B0F,Tăng lương
35BB8B0F,Nghỉ phép năm
35BB8B0F,CLB thể thao
35BB8B21,Chế độ bảo hiểm
35BB8B21,Du Lịch
35BB8B21,Phụ cấp
35BB8B21,Đồng phục
35BB8B21,Chế độ thưởng
35BB8B21,Chăm sóc sức khỏe
35BB8B21,Đào tạo
35BB8B21,Tăng lương
35BB8B21,Công tác phí
35BB8B21,Phụ cấp thâm niên
35BB8B21,Nghỉ phép năm
35BB8B1E,Chế độ bảo hiểm
35BB8B1E,Du Lịch
35BB8B1E,Phụ cấp
35BB8B1E,Đồng phục
35BB8B1E,Chế độ thưởng
35BB8B1E,Chăm sóc sức khỏe
35BB8B1E,Đào tạo
35BB8B1E,Tăng lương
35BB8B1E,Công tác phí
35BB8B1E,Phụ cấp thâm niên
35BB8B1E,Nghỉ phép năm
35BB8B1A,Chế độ bảo hiểm
35BB8B1A,Du Lịch
35BB8B1A,Chế độ thưởng
35BB8B1A,Chăm sóc sức khỏe
35BB8B1A,Đào tạo
35BB8B1A,Tăng lương
35BB8B1C,Chế độ bảo hiểm
35BB8B1C,Du Lịch
35BB8B1C,Đồng phục
35BB8B1C,Chế độ thưởng
35BB8B1C,Chăm sóc sức khỏe
35BB8B1C,Đào tạo
35BB8B1C,Tăng lương
35BB8B1C,Công tác phí
35BB8B1C,Nghỉ phép năm
35BB89A7,Chế độ bảo hiểm
35BB89A7,Du Lịch
35BB89A7,Chế độ thưởng
35BB89A7,Chăm sóc sức khỏe
35BB89A7,Đào tạo
35BB89A7,Tăng lương
35BB8AE4,Chế độ bảo hiểm
35BB8AE4,Du Lịch
35BB8AE4,Chế độ thưởng
35BB8AE4,Chăm sóc sức khỏe
35BB8AE4,Đào tạo
35BB8AE4,Tăng lương
35BB8AE7,Chế độ bảo hiểm
35BB8AE7,Du Lịch
35BB8AE7,Chế độ thưởng
35BB8AE7,Chăm sóc sức khỏe
35BB8AE7,Đào tạo
35BB8AE7,Tăng lương
35BB89A1,Chế độ bảo hiểm
35BB89A1,Du Lịch
35BB89A1,Chế độ thưởng
35BB89A1,Chăm sóc sức khỏe
35BB89A1,Đào tạo
35BB89A1,Tăng lương
35BB89A2,Chế độ bảo hiểm
35BB89A2,Du Lịch
35BB89A2,Chế độ thưởng
35BB89A2,Chăm sóc sức khỏe
35BB89A2,Đào tạo
35BB89A2,Tăng lương
35BB89A6,Chế độ bảo hiểm
35BB89A6,Du Lịch
35BB89A6,Chế độ thưởng
35BB89A6,Chăm sóc sức khỏe
35BB89A6,Đào tạo
35BB89A6,Tăng lương
35BB89A0,Chế độ bảo hiểm
35BB89A0,Du Lịch
35BB89A0,Chế độ thưởng
35BB89A0,Chăm sóc sức khỏe
35BB89A0,Đào tạo
35BB89A0,Tăng lương
35BB8ADE,Phụ cấp
35BB8ADE,Đào tạo
35BB8AD0,Chế độ bảo hiểm
35BB8AD0,Phụ cấp
35BB8AD0,Đồng phục
35BB8AD0,Chế độ thưởng
35BB8AD0,Chăm sóc sức khỏe
35BB8AD0,Đào tạo
35BB8AD0,Tăng lương
35BB8AD0,Công tác phí
35BB8AD0,Phụ cấp thâm niên
35BB8AE6,Laptop
35BB8AE6,Chế độ bảo hiểm
35BB8AE6,Du Lịch
35BB8AE6,Chế độ thưởng
35BB8AE6,Chăm sóc sức khỏe
35BB8AE6,Đào tạo
35BB8AE6,Tăng lương
35BB8AE2,Laptop
35BB8AE2,Chế độ bảo hiểm
35BB8AE2,Phụ cấp
35BB8AE2,Chế độ thưởng
35BB8AE2,Chăm sóc sức khỏe
35BB8AE2,Tăng lương
35BB8AE2,Nghỉ phép năm
35BB8A30,Laptop
35BB8A30,Chế độ bảo hiểm
35BB8A30,Du Lịch
35BB8A30,Phụ cấp
35BB8A30,Chế độ thưởng
35BB8A30,Đào tạo
35BB8A30,Tăng lương
35BB8A30,Công tác phí
35BB8A30,Phụ cấp thâm niên
35BB8A30,Nghỉ phép năm
35BB8A37,Chế độ bảo hiểm
35BB8A37,Du Lịch
35BB8A37,Chế độ thưởng
35BB8A37,Chăm sóc sức khỏe
35BB8A37,Đào tạo
35BB8A37,Tăng lương
35BB8AA1,Chế độ bảo hiểm
35BB8AA1,Du Lịch
35BB8AA1,Chế độ thưởng
35BB8AA1,Chăm sóc sức khỏe
35BB8AA1,Đào tạo
35BB8AA1,Tăng lương
35BB8AA1,Nghỉ phép năm
35BB8A9E,Chế độ bảo hiểm
35BB8A9E,Du Lịch
35BB8A9E,Phụ cấp
35BB8A9E,Đồng phục
35BB8A9E,Chế độ thưởng
35BB8A9E,Chăm sóc sức khỏe
35BB8A9E,Đào tạo
35BB8A9E,Tăng lương
35BB8A9E,Phụ cấp thâm niên
35BB8A9E,Nghỉ phép năm
35BB8A9F,Chế độ bảo hiểm
35BB8A9F,Du Lịch
35BB8A9F,Chế độ thưởng
35BB8A9F,Chăm sóc sức khỏe
35BB8A9F,Đào tạo
35BB8A9F,Tăng lương
35BB8A9F,Nghỉ phép năm
35BB8A91,Laptop
35BB8A91,Chế độ bảo hiểm
35BB8A91,Du Lịch
35BB8A91,Phụ cấp
35BB8A91,Chế độ thưởng
35BB8A91,Chăm sóc sức khỏe
35BB8A91,Đào tạo
35BB8A91,Tăng lương
35BB8A91,Công tác phí
35BB8A91,Phụ cấp thâm niên
35BB8A91,Nghỉ phép năm
35BB8AA3,Chế độ bảo hiểm
35BB8AA3,Du Lịch
35BB8AA3,Chế độ thưởng
35BB8AA3,Chăm sóc sức khỏe
35BB8AA3,Đào tạo
35BB8AA3,Tăng lương
35BB8AA8,Chế độ bảo hiểm
35BB8AA8,Du Lịch
35BB8AA8,Phụ cấp
35BB8AA8,Chế độ thưởng
35BB8AA8,Chăm sóc sức khỏe
35BB8AA8,Đào tạo
35BB8AA8,Tăng lương
35BB8AA8,Phụ cấp thâm niên
35BB8AA8,Nghỉ phép năm
35BB8AA5,Chế độ bảo hiểm
35BB8AA5,Du Lịch
35BB8AA5,Đồng phục
35BB8AA5,Chế độ thưởng
35BB8AA5,Chăm sóc sức khỏe
35BB8AA5,Đào tạo
35BB8AA5,Tăng lương
35BB8AA5,Phụ cấp thâm niên
35BB8AA5,Nghỉ phép năm
35BB8AA9,Chế độ bảo hiểm
35BB8AA9,Du Lịch
35BB8AA9,Phụ cấp
35BB8AA9,Chăm sóc sức khỏe
35BB8AA9,Đào tạo
35BB8AA9,Tăng lương
35BB8AA9,Nghỉ phép năm
35BB853F,Laptop
35BB853F,Chế độ bảo hiểm
35BB853F,Du Lịch
35BB853F,Phụ cấp
35BB853F,Đồng phục
35BB853F,Chế độ thưởng
35BB853F,Chăm sóc sức khỏe
35BB853F,Đào tạo
35BB853F,Tăng lương
35BB853F,Phụ cấp thâm niên
35BB853F,Nghỉ phép năm
35BB8AA2,Chế độ bảo hiểm
35BB8AA2,Du Lịch
35BB8AA2,Chế độ thưởng
35BB8AA2,Chăm sóc sức khỏe
35BB8AA2,Đào tạo
35BB8AA2,Tăng lương
35BB8AAB,Chế độ bảo hiểm
35BB8AAB,Du Lịch
35BB8AAB,Chế độ thưởng
35BB8AAB,Chăm sóc sức khỏe
35BB8AAB,Đào tạo
35BB8AAB,Tăng lương
35BB8A8E,Chế độ bảo hiểm
35BB8A8E,Du Lịch
35BB8A8E,Phụ cấp
35BB8A8E,Chế độ thưởng
35BB8A8E,Đào tạo
35BB8A8E,Tăng lương
35BB8A8E,Công tác phí
35BB8A8E,Nghỉ phép năm
35BB8AA6,Laptop
35BB8AA6,Chế độ bảo hiểm
35BB8AA6,Du Lịch
35BB8AA6,Phụ cấp
35BB8AA6,Xe đưa đón
35BB8AA6,Du lịch nước ngoài
35BB8AA6,Đồng phục
35BB8AA6,Chế độ thưởng
35BB8AA6,Chăm sóc sức khỏe
35BB8AA6,Đào tạo
35BB8AA6,Tăng lương
35BB8AA6,Phụ cấp thâm niên
35BB8AA6,Nghỉ phép năm
35BB8AB0,Chế độ bảo hiểm
35BB8AB0,Du Lịch
35BB8AB0,Phụ cấp
35BB8AB0,Đồng phục
35BB8AB0,Chế độ thưởng
35BB8AB0,Chăm sóc sức khỏe
35BB8AB0,Đào tạo
35BB8AB0,Tăng lương
35BB8AB0,Phụ cấp thâm niên
35BB8AB0,Nghỉ phép năm
35BB8A69,Chế độ bảo hiểm
35BB8A69,Du Lịch
35BB8A69,Chế độ thưởng
35BB8A69,Chăm sóc sức khỏe
35BB8A69,Đào tạo
35BB8A69,Tăng lương
35BB8A6A,Laptop
35BB8A6A,Chế độ bảo hiểm
35BB8A6A,Du Lịch
35BB8A6A,Chế độ thưởng
35BB8A6A,Chăm sóc sức khỏe
35BB8A6A,Đào tạo
35BB8A6A,Tăng lương
35BB8A63,Chế độ bảo hiểm
35BB8A63,Du Lịch
35BB8A63,Phụ cấp
35BB8A63,Chế độ thưởng
35BB8A63,Chăm sóc sức khỏe
35BB8A63,Đào tạo
35BB8A63,Tăng lương
35BB8A63,Nghỉ phép năm
35BB8A67,Chế độ bảo hiểm
35BB8A67,Du Lịch
35BB8A67,Chế độ thưởng
35BB8A67,Chăm sóc sức khỏe
35BB8A67,Đào tạo
35BB8A67,Tăng lương
35BB8A62,Unknown
35BB8A6B,Chế độ bảo hiểm
35BB8A6B,Du Lịch
35BB8A6B,Chế độ thưởng
35BB8A6B,Chăm sóc sức khỏe
35BB8A6B,Đào tạo
35BB8A6B,Tăng lương
35BB8A6D,Chế độ bảo hiểm
35BB8A6D,Du Lịch
35BB8A6D,Phụ cấp
35BB8A6D,Du lịch nước ngoài
35BB8A6D,Chế độ thưởng
35BB8A6D,Chăm sóc sức khỏe
35BB8A6D,Đào tạo
35BB8A6D,Tăng lương
35BB8A6D,Công tác phí
35BB8A6D,Phụ cấp thâm niên
35BB8A6D,Nghỉ phép năm
35BB86CC,Chế độ bảo hiểm
35BB86CC,Du Lịch
35BB86CC,Chế độ thưởng
35BB86CC,Chăm sóc sức khỏe
35BB86CC,Đào tạo
35BB86CC,Tăng lương
35BB8A6C,Chế độ bảo hiểm
35BB8A6C,Du Lịch
35BB8A6C,Phụ cấp
35BB8A6C,Chế độ thưởng
35BB8A6C,Chăm sóc sức khỏe
35BB8A6C,Đào tạo
35BB8A6C,Tăng lương
35BB8A6C,Nghỉ phép năm
35BB8A6E,Chế độ bảo hiểm
35BB8A6E,Du Lịch
35BB8A6E,Chế độ thưởng
35BB8A6E,Chăm sóc sức khỏe
35BB8A6E,Đào tạo
35BB8A6E,Tăng lương
35BB8A70,Laptop
35BB8A70,Chế độ bảo hiểm
35BB8A70,Phụ cấp
35BB8A70,Chăm sóc sức khỏe
35BB8A70,Nghỉ phép năm
35BB8846,Chế độ bảo hiểm
35BB8846,Du Lịch
35BB8846,Đồng phục
35BB8846,Chế độ thưởng
35BB8846,Chăm sóc sức khỏe
35BB8846,Đào tạo
35BB8846,Tăng lương
35BB8846,Công tác phí
35BB8846,Nghỉ phép năm
35BB8A2A,Chế độ bảo hiểm
35BB8A2A,Du Lịch
35BB8A2A,Chế độ thưởng
35BB8A2A,Chăm sóc sức khỏe
35BB8A2A,Đào tạo
35BB8A2A,Tăng lương
35BB8A1C,Chế độ bảo hiểm
35BB8A1C,Du Lịch
35BB8A1C,Phụ cấp
35BB8A1C,Đồng phục
35BB8A1C,Chế độ thưởng
35BB8A1C,Chăm sóc sức khỏe
35BB8A1C,Đào tạo
35BB8A1C,Tăng lương
35BB8A1C,Nghỉ phép năm
35BB8A1C,CLB thể thao
35BB8A2E,Chế độ bảo hiểm
35BB8A2E,Du Lịch
35BB8A2E,Chăm sóc sức khỏe
35BB8A2E,Đào tạo
35BB8A2E,Tăng lương
35BB8A2B,Chế độ bảo hiểm
35BB8A2B,Du Lịch
35BB8A2B,Chế độ thưởng
35BB8A2B,Chăm sóc sức khỏe
35BB8A2B,Đào tạo
35BB8A2B,Tăng lương
35BB8A2C,Chế độ bảo hiểm
35BB8A2C,Du Lịch
35BB8A2C,Phụ cấp
35BB8A2C,Đồng phục
35BB8A2C,Chế độ thưởng
35BB8A2C,Đào tạo
35BB8A2C,Tăng lương
35BB8A2C,Công tác phí
35BB8A2C,Phụ cấp thâm niên
35BB8A2C,Nghỉ phép năm
35BB8A32,Chế độ bảo hiểm
35BB8A32,Du Lịch
35BB8A32,Chế độ thưởng
35BB8A32,Chăm sóc sức khỏe
35BB8A32,Đào tạo
35BB8A32,Tăng lương
35BB8A2F,Chế độ bảo hiểm
35BB8A2F,Du Lịch
35BB8A2F,Đồng phục
35BB8A2F,Chế độ thưởng
35BB8A2F,Chăm sóc sức khỏe
35BB8A2F,Đào tạo
35BB8A2F,Tăng lương
35BB8A2F,Công tác phí
35BB8A2F,Nghỉ phép năm
35BB8A31,Laptop
35BB8A31,Chế độ bảo hiểm
35BB8A31,Du Lịch
35BB8A31,Phụ cấp
35BB8A31,Đồng phục
35BB8A31,Chế độ thưởng
35BB8A31,Chăm sóc sức khỏe
35BB8A31,Đào tạo
35BB8A31,Tăng lương
35BB8A31,Công tác phí
35BB8A36,Chế độ bảo hiểm
35BB8A36,Du Lịch
35BB8A36,Phụ cấp
35BB8A36,Chế độ thưởng
35BB8A36,Chăm sóc sức khỏe
35BB8A36,Đào tạo
35BB8A36,Tăng lương
35BB8A36,Nghỉ phép năm
35BB8A38,Chế độ bảo hiểm
35BB8A38,Du Lịch
35BB8A38,Chế độ thưởng
35BB8A38,Chăm sóc sức khỏe
35BB8A38,Đào tạo
35BB8A38,Tăng lương
35BB8A34,Chế độ bảo hiểm
35BB8A34,Du Lịch
35BB8A34,Phụ cấp
35BB8A34,Chế độ thưởng
35BB8A34,Chăm sóc sức khỏe
35BB8A34,Đào tạo
35BB8A34,Tăng lương
35BB8A34,Nghỉ phép năm
35BB8A3B,Chế độ bảo hiểm
35BB8A3B,Du Lịch
35BB8A3B,Chế độ thưởng
35BB8A3B,Chăm sóc sức khỏe
35BB8A3B,Đào tạo
35BB8A3B,Tăng lương
35BB8A3D,Chế độ bảo hiểm
35BB8A3D,Du Lịch
35BB8A3D,Chế độ thưởng
35BB8A3D,Chăm sóc sức khỏe
35BB8A3D,Đào tạo
35BB8A3D,Tăng lương
35BB8A3C,Unknown
35BB8A33,Laptop
35BB8A33,Chế độ bảo hiểm
35BB8A33,Chăm sóc sức khỏe
35BB8A33,Đào tạo
35BB89EB,Chế độ bảo hiểm
35BB89EB,Du Lịch
35BB89EB,Chế độ thưởng
35BB89EB,Chăm sóc sức khỏe
35BB89EB,Đào tạo
35BB89EB,Tăng lương
35BB89EB,Nghỉ phép năm
35BB8A40,Chế độ bảo hiểm
35BB8A40,Du Lịch
35BB8A40,Chế độ thưởng
35BB8A40,Chăm sóc sức khỏe
35BB8A40,Đào tạo
35BB8A40,Tăng lương
35BB89EE,Laptop
35BB89EE,Chế độ bảo hiểm
35BB89EE,Du Lịch
35BB89EE,Phụ cấp
35BB89EE,Đồng phục
35BB89EE,Chế độ thưởng
35BB89EE,Đào tạo
35BB89EE,Tăng lương
35BB89EE,Công tác phí
35BB89EE,Phụ cấp thâm niên
35BB89EE,Nghỉ phép năm
35BB89F1,Unknown
35BB89ED,Chế độ bảo hiểm
35BB89ED,Du Lịch
35BB89ED,Chế độ thưởng
35BB89ED,Chăm sóc sức khỏe
35BB89ED,Đào tạo
35BB89ED,Tăng lương
35BB89F2,Chế độ bảo hiểm
35BB89F2,Du Lịch
35BB89F2,Phụ cấp
35BB89F2,Đồng phục
35BB89F2,Chế độ thưởng
35BB89F2,Chăm sóc sức khỏe
35BB89F2,Đào tạo
35BB89F2,Tăng lương
35BB89F2,Công tác phí
35BB89F2,Nghỉ phép năm
35BB8A3A,Laptop
35BB8A3A,Chế độ bảo hiểm
35BB8A3A,Du Lịch
35BB8A3A,Phụ cấp
35BB8A3A,Du lịch nước ngoài
35BB8A3A,Chế độ thưởng
35BB8A3A,Chăm sóc sức khỏe
35BB8A3A,Đào tạo
35BB8A3A,Tăng lương
35BB8A3A,Công tác phí
35BB8A3A,Phụ cấp thâm niên
35BB8A3A,Nghỉ phép năm
35BB89E2,Chế độ bảo hiểm
35BB89E2,Du Lịch
35BB89E2,Phụ cấp
35BB89E2,Đồng phục
35BB89E2,Chế độ thưởng
35BB89E2,Chăm sóc sức khỏe
35BB89E2,Đào tạo
35BB89E2,Tăng lương
35BB89E2,Công tác phí
35BB89E2,Nghỉ phép năm
35BB89F5,Chế độ bảo hiểm
35BB89F5,Du Lịch
35BB89F5,Đồng phục
35BB89F5,Chế độ thưởng
35BB89F5,Đào tạo
35BB89F5,Tăng lương
35BB89F5,Nghỉ phép năm
35BB89F6,Laptop
35BB89F6,Du Lịch
35BB89F6,Phụ cấp
35BB89F6,Đồng phục
35BB89F6,Chăm sóc sức khỏe
35BB89F6,Đào tạo
35BB89F6,Tăng lương
35BB89F6,Công tác phí
35BB89F6,Phụ cấp thâm niên
35BB89F6,Nghỉ phép năm
35BB89F3,Chế độ bảo hiểm
35BB89F3,Du Lịch
35BB89F3,Đồng phục
35BB89F3,Chế độ thưởng
35BB89F3,Chăm sóc sức khỏe
35BB89F3,Đào tạo
35BB89F3,Tăng lương
35BB89F3,Công tác phí
35BB89F3,Nghỉ phép năm
35BB89FA,Chế độ bảo hiểm
35BB89FA,Du Lịch
35BB89FA,Chế độ thưởng
35BB89FA,Chăm sóc sức khỏe
35BB89FA,Đào tạo
35BB89FA,Tăng lương
35BB8842,Chế độ bảo hiểm
35BB8842,Du Lịch
35BB8842,Phụ cấp
35BB8842,Đồng phục
35BB8842,Chế độ thưởng
35BB8842,Chăm sóc sức khỏe
35BB8842,Đào tạo
35BB8842,Tăng lương
35BB8842,Nghỉ phép năm
35BB89F0,Unknown
35BB89FB,Laptop
35BB89FB,Chế độ bảo hiểm
35BB89FB,Phụ cấp
35BB89FB,Chế độ thưởng
35BB89FB,Chăm sóc sức khỏe
35BB89FB,Đào tạo
35BB89FB,Tăng lương
35BB89FB,Công tác phí
35BB89FB,Phụ cấp thâm niên
35BB89FB,Nghỉ phép năm
35BB89FC,Laptop
35BB89FC,Chế độ bảo hiểm
35BB89FC,Du Lịch
35BB89FC,Phụ cấp
35BB89FC,Đồng phục
35BB89FC,Chế độ thưởng
35BB89FC,Chăm sóc sức khỏe
35BB89FC,Đào tạo
35BB89FC,Tăng lương
35BB89FC,Công tác phí
35BB89FC,Nghỉ phép năm
35BB89B0,Chế độ bảo hiểm
35BB89B0,Du Lịch
35BB89B0,Đồng phục
35BB89B0,Chế độ thưởng
35BB89B0,Chăm sóc sức khỏe
35BB89B0,Đào tạo
35BB89B0,Tăng lương
35BB89B0,Công tác phí
35BB89B0,Phụ cấp thâm niên
35BB89B0,Nghỉ phép năm
35BB89B0,CLB thể thao
35BB89B1,Laptop
35BB89B1,Chế độ bảo hiểm
35BB89B1,Du Lịch
35BB89B1,Phụ cấp
35BB89B1,Xe đưa đón
35BB89B1,Đồng phục
35BB89B1,Chế độ thưởng
35BB89B1,Chăm sóc sức khỏe
35BB89B1,Đào tạo
35BB89B1,Tăng lương
35BB89B1,Nghỉ phép năm
35BB84E7,Chế độ bảo hiểm
35BB84E7,Du Lịch
35BB84E7,Phụ cấp
35BB84E7,Chế độ thưởng
35BB84E7,Chăm sóc sức khỏe
35BB84E7,Đào tạo
35BB84E7,Tăng lương
35BB84E7,Công tác phí
35BB84E7,Phụ cấp thâm niên
35BB84E7,Nghỉ phép năm
35BB89AF,Chế độ bảo hiểm
35BB89AF,Du Lịch
35BB89AF,Phụ cấp
35BB89AF,Xe đưa đón
35BB89AF,Đồng phục
35BB89AF,Chế độ thưởng
35BB89AF,Đào tạo
35BB89AF,Tăng lương
35BB89AF,Phụ cấp thâm niên
35BB89AF,Nghỉ phép năm
35BB89AE,Chế độ bảo hiểm
35BB89AE,Du Lịch
35BB89AE,Chế độ thưởng
35BB89AE,Chăm sóc sức khỏe
35BB89AE,Đào tạo
35BB89AE,Tăng lương
35BB89B5,Chế độ bảo hiểm
35BB89B5,Du Lịch
35BB89B5,Đồng phục
35BB89B5,Chế độ thưởng
35BB89B5,Chăm sóc sức khỏe
35BB89B5,Đào tạo
35BB89B5,Tăng lương
35BB89B5,Công tác phí
35BB89B5,Phụ cấp thâm niên
35BB89B5,Nghỉ phép năm
35BB89B5,CLB thể thao
35BB89B3,Chế độ bảo hiểm
35BB89B3,Du Lịch
35BB89B3,Chế độ thưởng
35BB89B3,Chăm sóc sức khỏe
35BB89B3,Đào tạo
35BB89B3,Tăng lương
35BB89B9,Chế độ bảo hiểm
35BB89B9,Du Lịch
35BB89B9,Chế độ thưởng
35BB89B9,Chăm sóc sức khỏe
35BB89B9,Đào tạo
35BB89B9,Tăng lương
35BB89B7,Chế độ bảo hiểm
35BB89B7,Du Lịch
35BB89B7,Phụ cấp
35BB89B7,Đồng phục
35BB89B7,Chế độ thưởng
35BB89B7,Chăm sóc sức khỏe
35BB89B7,Đào tạo
35BB89B7,Công tác phí
35BB89B7,Nghỉ phép năm
35BB89BB,Chế độ bảo hiểm
35BB89BB,Du Lịch
35BB89BB,Phụ cấp
35BB89BB,Đồng phục
35BB89BB,Chế độ thưởng
35BB89BB,Chăm sóc sức khỏe
35BB89BB,Đào tạo
35BB89BB,Công tác phí
35BB89BB,Nghỉ phép năm
35BB89BE,Chế độ bảo hiểm
35BB89BE,Chăm sóc sức khỏe
35BB89BE,Tăng lương
35BB89BD,Chế độ bảo hiểm
35BB89BD,Du Lịch
35BB89BD,Phụ cấp
35BB89BD,Đồng phục
35BB89BD,Chế độ thưởng
35BB89BD,Chăm sóc sức khỏe
35BB89BD,Đào tạo
35BB89BD,Công tác phí
35BB89BD,Nghỉ phép năm
35BB89B8,Chế độ bảo hiểm
35BB89B8,Du Lịch
35BB89B8,Phụ cấp
35BB89B8,Đồng phục
35BB89B8,Chế độ thưởng
35BB89B8,Chăm sóc sức khỏe
35BB89B8,Đào tạo
35BB89B8,Công tác phí
35BB89B8,Nghỉ phép năm
35BB89C1,Chế độ bảo hiểm
35BB89C1,Du Lịch
35BB89C1,Phụ cấp
35BB89C1,Du lịch nước ngoài
35BB89C1,Đồng phục
35BB89C1,Chế độ thưởng
35BB89C1,Chăm sóc sức khỏe
35BB89C1,Đào tạo
35BB89C1,Tăng lương
35BB89C1,Công tác phí
35BB89C1,Phụ cấp thâm niên
35BB89C1,Nghỉ phép năm
35BB89BA,Unknown
35BB8998,Chế độ bảo hiểm
35BB8998,Du Lịch
35BB8998,Chế độ thưởng
35BB8998,Chăm sóc sức khỏe
35BB8998,Đào tạo
35BB8998,Tăng lương
35BB898D,Chế độ bảo hiểm
35BB898D,Du Lịch
35BB898D,Chế độ thưởng
35BB898D,Chăm sóc sức khỏe
35BB898D,Đào tạo
35BB898D,Tăng lương
35BB8990,Unknown
35BB898F,Laptop
35BB898F,Chế độ bảo hiểm
35BB898F,Phụ cấp
35BB898F,Tăng lương
35BB898F,Nghỉ phép năm
35BB898E,Unknown
35BB8999,Chế độ bảo hiểm
35BB8999,Du Lịch
35BB8999,Chế độ thưởng
35BB8999,Chăm sóc sức khỏe
35BB8999,Đào tạo
35BB8999,Tăng lương
35BB899A,Chế độ bảo hiểm
35BB899A,Du Lịch
35BB899A,Phụ cấp
35BB899A,Chế độ thưởng
35BB899A,Chăm sóc sức khỏe
35BB899A,Đào tạo
35BB899A,Tăng lương
35BB899A,Công tác phí
35BB899A,Phụ cấp thâm niên
35BB899A,Nghỉ phép năm
35BB8996,Chế độ bảo hiểm
35BB8996,Du Lịch
35BB8996,Phụ cấp
35BB8996,Đồng phục
35BB8996,Chế độ thưởng
35BB8996,Chăm sóc sức khỏe
35BB8996,Đào tạo
35BB8996,Tăng lương
35BB8996,Nghỉ phép năm
35BB899D,Chế độ bảo hiểm
35BB899D,Du Lịch
35BB899D,Chế độ thưởng
35BB899D,Chăm sóc sức khỏe
35BB899D,Đào tạo
35BB899D,Tăng lương
35BB89A9,Laptop
35BB89A9,Chế độ bảo hiểm
35BB89A9,Du Lịch
35BB89A9,Phụ cấp
35BB89A9,Chế độ thưởng
35BB89A9,Chăm sóc sức khỏe
35BB89A9,Đào tạo
35BB89A9,Tăng lương
35BB89A9,Phụ cấp thâm niên
35BB899B,Chế độ bảo hiểm
35BB899B,Du Lịch
35BB899B,Chế độ thưởng
35BB899B,Chăm sóc sức khỏe
35BB899B,Đào tạo
35BB899B,Tăng lương
35BB89AA,Chế độ bảo hiểm
35BB89AA,Du Lịch
35BB89AA,Chế độ thưởng
35BB89AA,Chăm sóc sức khỏe
35BB89AA,Đào tạo
35BB89AA,Tăng lương
35BB8982,Chế độ bảo hiểm
35BB8982,Du Lịch
35BB8982,Phụ cấp
35BB8982,Đồng phục
35BB8982,Chế độ thưởng
35BB8982,Chăm sóc sức khỏe
35BB8982,Đào tạo
35BB8982,Tăng lương
35BB8982,Phụ cấp thâm niên
35BB8982,Nghỉ phép năm
35BB894C,Chế độ bảo hiểm
35BB894C,Du Lịch
35BB894C,Chế độ thưởng
35BB894C,Chăm sóc sức khỏe
35BB894C,Đào tạo
35BB894C,Tăng lương
35BB8950,Chế độ bảo hiểm
35BB8950,Du Lịch
35BB8950,Chế độ thưởng
35BB8950,Chăm sóc sức khỏe
35BB8950,Đào tạo
35BB8950,Tăng lương
35BB8970,Chế độ bảo hiểm
35BB8970,Du Lịch
35BB8970,Chế độ thưởng
35BB8970,Chăm sóc sức khỏe
35BB8970,Đào tạo
35BB8970,Tăng lương
35BB896A,Chế độ bảo hiểm
35BB896A,Du Lịch
35BB896A,Chế độ thưởng
35BB896A,Chăm sóc sức khỏe
35BB896A,Đào tạo
35BB896A,Tăng lương
35BB871D,Chế độ bảo hiểm
35BB871D,Du Lịch
35BB871D,Phụ cấp
35BB871D,Đồng phục
35BB871D,Chế độ thưởng
35BB871D,Chăm sóc sức khỏe
35BB871D,Đào tạo
35BB871D,Tăng lương
35BB871D,Công tác phí
35BB871D,Nghỉ phép năm
35BB8953,Laptop
35BB8953,Chế độ bảo hiểm
35BB8953,Du Lịch
35BB8953,Du lịch nước ngoài
35BB8953,Đồng phục
35BB8953,Chế độ thưởng
35BB8953,Chăm sóc sức khỏe
35BB8953,Đào tạo
35BB8953,Tăng lương
35BB8953,Nghỉ phép năm
35BB8953,CLB thể thao
35BB8952,Chế độ bảo hiểm
35BB8952,Du Lịch
35BB8952,Chế độ thưởng
35BB8952,Chăm sóc sức khỏe
35BB8952,Đào tạo
35BB8952,Tăng lương
35BB8860,Unknown
35BB8955,Chế độ bảo hiểm
35BB8955,Du Lịch
35BB8955,Phụ cấp
35BB8955,Chế độ thưởng
35BB8955,Chăm sóc sức khỏe
35BB8955,Đào tạo
35BB8955,Tăng lương
35BB8955,Nghỉ phép năm
35BB8854,Unknown
35BB8951,Chế độ bảo hiểm
35BB8951,Du Lịch
35BB8951,Đồng phục
35BB8951,Chế độ thưởng
35BB8951,Chăm sóc sức khỏe
35BB8951,Đào tạo
35BB8951,Tăng lương
35BB8951,Phụ cấp thâm niên
35BB8951,Nghỉ phép năm
35BB884B,Unknown
35BB8959,Chế độ bảo hiểm
35BB8959,Du Lịch
35BB8959,Đồng phục
35BB8959,Chế độ thưởng
35BB8959,Chăm sóc sức khỏe
35BB8959,Đào tạo
35BB8959,Tăng lương
35BB8959,Công tác phí
35BB8959,Nghỉ phép năm
35BB890B,Chế độ bảo hiểm
35BB890B,Du Lịch
35BB890B,Phụ cấp
35BB890B,Đồng phục
35BB890B,Chế độ thưởng
35BB890B,Chăm sóc sức khỏe
35BB890B,Đào tạo
35BB890B,Tăng lương
35BB890B,Công tác phí
35BB890B,Phụ cấp thâm niên
35BB890B,Nghỉ phép năm
35BB890B,CLB thể thao
35BB8832,Chế độ bảo hiểm
35BB8832,Du Lịch
35BB8832,Chế độ thưởng
35BB8832,Chăm sóc sức khỏe
35BB8832,Đào tạo
35BB8832,Tăng lương
35BB8910,Chế độ bảo hiểm
35BB8910,Du Lịch
35BB8910,Chế độ thưởng
35BB8910,Chăm sóc sức khỏe
35BB8910,Đào tạo
35BB8910,Tăng lương
35BB890D,Chế độ bảo hiểm
35BB890D,Du Lịch
35BB890D,Phụ cấp
35BB890D,Chế độ thưởng
35BB890D,Chăm sóc sức khỏe
35BB890D,Đào tạo
35BB890D,Tăng lương
35BB890D,Công tác phí
35BB890D,Phụ cấp thâm niên
35BB890D,Nghỉ phép năm
35BB890E,Laptop
35BB890E,Chế độ bảo hiểm
35BB890E,Du Lịch
35BB890E,Phụ cấp
35BB890E,Chế độ thưởng
35BB890E,Chăm sóc sức khỏe
35BB890E,Đào tạo
35BB890E,Tăng lương
35BB890E,Nghỉ phép năm
35BB8957,Chế độ bảo hiểm
35BB8957,Du Lịch
35BB8957,Phụ cấp
35BB8957,Đồng phục
35BB8957,Chế độ thưởng
35BB8957,Chăm sóc sức khỏe
35BB8957,Đào tạo
35BB8957,Tăng lương
35BB8957,Công tác phí
35BB8957,Phụ cấp thâm niên
35BB8957,Nghỉ phép năm
35BB8957,CLB thể thao
35BB8912,Chế độ bảo hiểm
35BB8912,Du Lịch
35BB8912,Chế độ thưởng
35BB8912,Chăm sóc sức khỏe
35BB8912,Đào tạo
35BB8912,Tăng lương
35BB8912,Nghỉ phép năm
35BB8913,Chế độ bảo hiểm
35BB8913,Chế độ thưởng
35BB8913,Chăm sóc sức khỏe
35BB8914,Chế độ bảo hiểm
35BB8914,Du Lịch
35BB8914,Phụ cấp
35BB8914,Đồng phục
35BB8914,Chế độ thưởng
35BB8914,Chăm sóc sức khỏe
35BB8914,Đào tạo
35BB8914,Tăng lương
35BB8914,Nghỉ phép năm
35BB890F,Laptop
35BB890F,Chế độ bảo hiểm
35BB890F,Du Lịch
35BB890F,Xe đưa đón
35BB890F,Đồng phục
35BB890F,Chế độ thưởng
35BB890F,Đào tạo
35BB890F,Tăng lương
35BB890F,Công tác phí
35BB890F,Phụ cấp thâm niên
35BB890F,Nghỉ phép năm
35BB8919,Laptop
35BB8919,Chế độ bảo hiểm
35BB8919,Du Lịch
35BB8919,Phụ cấp
35BB8919,Chế độ thưởng
35BB8919,Chăm sóc sức khỏe
35BB8919,Đào tạo
35BB8919,Tăng lương
35BB8919,Nghỉ phép năm
35BB8917,Chế độ bảo hiểm
35BB8917,Du Lịch
35BB8917,Phụ cấp
35BB8917,Chế độ thưởng
35BB8917,Đào tạo
35BB8917,Tăng lương
35BB8917,Nghỉ phép năm
35BB891B,Chế độ bảo hiểm
35BB891B,Du Lịch
35BB891B,Phụ cấp
35BB891B,Xe đưa đón
35BB891B,Du lịch nước ngoài
35BB891B,Đồng phục
35BB891B,Chế độ thưởng
35BB891B,Chăm sóc sức khỏe
35BB891B,Đào tạo
35BB891B,Tăng lương
35BB891B,Công tác phí
35BB891B,Phụ cấp thâm niên
35BB891B,Nghỉ phép năm
35BB891B,CLB thể thao
35BB8915,Laptop
35BB8915,Chế độ bảo hiểm
35BB8915,Du Lịch
35BB8915,Phụ cấp
35BB8915,Du lịch nước ngoài
35BB8915,Đồng phục
35BB8915,Chế độ thưởng
35BB8915,Chăm sóc sức khỏe
35BB8915,Đào tạo
35BB8915,Tăng lương
35BB8915,Công tác phí
35BB8915,Nghỉ phép năm
35BB8915,CLB thể thao
35BB891C,Chế độ bảo hiểm
35BB891C,Du Lịch
35BB891C,Phụ cấp
35BB891C,Chế độ thưởng
35BB891C,Chăm sóc sức khỏe
35BB891C,Đào tạo
35BB891C,Tăng lương
35BB891C,Nghỉ phép năm
35BB891C,CLB thể thao
35BB891D,Unknown
35BB891A,Laptop
35BB891A,Chế độ bảo hiểm
35BB891A,Du Lịch
35BB891A,Phụ cấp
35BB891A,Chế độ thưởng
35BB891A,Chăm sóc sức khỏe
35BB891A,Đào tạo
35BB891A,Tăng lương
35BB891F,Laptop
35BB891F,Chế độ bảo hiểm
35BB891F,Du Lịch
35BB891F,Chế độ thưởng
35BB891F,Chăm sóc sức khỏe
35BB891F,Đào tạo
35BB891F,Tăng lương
35BB891F,Công tác phí
35BB88D3,Laptop
35BB88D3,Chế độ bảo hiểm
35BB88D3,Du Lịch
35BB88D3,Phụ cấp
35BB88D3,Chế độ thưởng
35BB88D3,Chăm sóc sức khỏe
35BB88D3,Đào tạo
35BB88D3,Tăng lương
35BB88D3,Nghỉ phép năm
35BB88D3,CLB thể thao
35BB88CD,Chế độ bảo hiểm
35BB88CD,Du Lịch
35BB88CD,Đồng phục
35BB88CD,Chế độ thưởng
35BB88CD,Chăm sóc sức khỏe
35BB88CD,Đào tạo
35BB88CD,Tăng lương
35BB8920,Unknown
35BB88D0,Laptop
35BB88D0,Chế độ bảo hiểm
35BB88D0,Du Lịch
35BB88D0,Chế độ thưởng
35BB88D0,Chăm sóc sức khỏe
35BB88D0,Đào tạo
35BB88D0,Tăng lương
35BB88D0,Công tác phí
35BB88D0,Nghỉ phép năm
35BB88D4,Chế độ bảo hiểm
35BB88D4,Du Lịch
35BB88D4,Phụ cấp
35BB88D4,Chế độ thưởng
35BB88D4,Chăm sóc sức khỏe
35BB88D4,Đào tạo
35BB88D4,Tăng lương
35BB88D4,Nghỉ phép năm
35BB8888,Chế độ bảo hiểm
35BB8888,Du Lịch
35BB8888,Chế độ thưởng
35BB8888,Chăm sóc sức khỏe
35BB8888,Đào tạo
35BB8888,Tăng lương
35BB88D7,Laptop
35BB88D7,Chế độ bảo hiểm
35BB88D7,Phụ cấp
35BB88D7,Chăm sóc sức khỏe
35BB88D7,Đào tạo
35BB88D7,Tăng lương
35BB88D7,Công tác phí
35BB88D7,Phụ cấp thâm niên
35BB88D5,Unknown
35BB88E0,Laptop
35BB88E0,Chế độ bảo hiểm
35BB88E0,Du Lịch
35BB88E0,Phụ cấp
35BB88E0,Chế độ thưởng
35BB88E0,Chăm sóc sức khỏe
35BB88E0,Đào tạo
35BB88E0,Tăng lương
35BB88E0,Nghỉ phép năm
35BB88E0,CLB thể thao
35BB88DC,Chế độ bảo hiểm
35BB88DC,Du Lịch
35BB88DC,Phụ cấp
35BB88DC,Chế độ thưởng
35BB88DC,Chăm sóc sức khỏe
35BB88DC,Đào tạo
35BB88DC,Tăng lương
35BB88DC,Nghỉ phép năm
35BB88D8,Chế độ bảo hiểm
35BB88D8,Du Lịch
35BB88D8,Chế độ thưởng
35BB88D8,Chăm sóc sức khỏe
35BB88D8,Đào tạo
35BB88D8,Tăng lương
35BB88DB,Laptop
35BB88DB,Chế độ bảo hiểm
35BB88DB,Du Lịch
35BB88DB,Phụ cấp
35BB88DB,Đồng phục
35BB88DB,Chế độ thưởng
35BB88DB,Chăm sóc sức khỏe
35BB88DB,Đào tạo
35BB88DB,Tăng lương
35BB88DB,Công tác phí
35BB88DB,Phụ cấp thâm niên
35BB88DB,Nghỉ phép năm
35BB88DB,CLB thể thao
35BB88DE,Chế độ bảo hiểm
35BB88DE,Du Lịch
35BB88DE,Phụ cấp
35BB88DE,Chế độ thưởng
35BB88DE,Chăm sóc sức khỏe
35BB88DE,Đào tạo
35BB88DE,Tăng lương
35BB88DE,Nghỉ phép năm
35BB88E2,Unknown
35BB88E1,Laptop
35BB88E1,Chế độ bảo hiểm
35BB88E1,Phụ cấp
35BB88E1,Chế độ thưởng
35BB88E1,Chăm sóc sức khỏe
35BB88E1,Đào tạo
35BB88E1,Tăng lương
35BB88E1,Nghỉ phép năm
35BB88E1,CLB thể thao
35BB888E,Chế độ bảo hiểm
35BB888E,Phụ cấp
35BB888E,Đồng phục
35BB888E,Chế độ thưởng
35BB888E,Chăm sóc sức khỏe
35BB888E,Đào tạo
35BB888E,Tăng lương
35BB888E,Nghỉ phép năm
35BB8894,Chế độ bảo hiểm
35BB8894,Du Lịch
35BB8894,Chế độ thưởng
35BB8894,Chăm sóc sức khỏe
35BB8894,Đào tạo
35BB8894,Tăng lương
35BB8896,Chế độ bảo hiểm
35BB8896,Du Lịch
35BB8896,Phụ cấp
35BB8896,Chế độ thưởng
35BB8896,Chăm sóc sức khỏe
35BB8896,Đào tạo
35BB8896,Tăng lương
35BB8896,Nghỉ phép năm
35BB8890,Chế độ bảo hiểm
35BB8890,Du Lịch
35BB8890,Chế độ thưởng
35BB8890,Chăm sóc sức khỏe
35BB8890,Đào tạo
35BB8890,Tăng lương
35BB8897,Unknown
35BB8898,Laptop
35BB8898,Chế độ bảo hiểm
35BB8898,Du Lịch
35BB8898,Phụ cấp
35BB8898,Xe đưa đón
35BB8898,Chế độ thưởng
35BB8898,Chăm sóc sức khỏe
35BB8898,Đào tạo
35BB8898,Tăng lương
35BB8898,Công tác phí
35BB8898,Nghỉ phép năm
35BB889D,Unknown
35BB889A,Laptop
35BB889A,Chế độ bảo hiểm
35BB889A,Du Lịch
35BB889A,Phụ cấp
35BB889A,Du lịch nước ngoài
35BB889A,Đồng phục
35BB889A,Chế độ thưởng
35BB889A,Chăm sóc sức khỏe
35BB889A,Đào tạo
35BB889A,Tăng lương
35BB889A,Công tác phí
35BB889A,Phụ cấp thâm niên
35BB889A,Nghỉ phép năm
35BB88A0,Laptop
35BB88A0,Chế độ bảo hiểm
35BB88A0,Du Lịch
35BB88A0,Phụ cấp
35BB88A0,Đồng phục
35BB88A0,Chế độ thưởng
35BB88A0,Đào tạo
35BB88A0,Tăng lương
35BB88A0,Công tác phí
35BB88A0,Nghỉ phép năm
35BB8895,Laptop
35BB8895,Chế độ bảo hiểm
35BB8895,Du Lịch
35BB8895,Đồng phục
35BB8895,Chế độ thưởng
35BB8895,Chăm sóc sức khỏe
35BB8895,Đào tạo
35BB8895,Tăng lương
35BB8895,Công tác phí
35BB8895,Nghỉ phép năm
35BB8895,CLB thể thao
35BB88A5,Chế độ bảo hiểm
35BB88A5,Chế độ thưởng
35BB88A5,Chăm sóc sức khỏe
35BB88A5,Đào tạo
35BB889E,Chế độ bảo hiểm
35BB889E,Du Lịch
35BB889E,Chế độ thưởng
35BB889E,Chăm sóc sức khỏe
35BB889E,Đào tạo
35BB889E,Nghỉ phép năm
35BB88A4,Chế độ bảo hiểm
35BB88A4,Du Lịch
35BB88A4,Phụ cấp
35BB88A4,Đồng phục
35BB88A4,Chế độ thưởng
35BB88A4,Chăm sóc sức khỏe
35BB88A4,Đào tạo
35BB88A4,Công tác phí
35BB88A4,Nghỉ phép năm
35BB889B,Chế độ bảo hiểm
35BB889B,Du Lịch
35BB889B,Phụ cấp
35BB889B,Đồng phục
35BB889B,Chế độ thưởng
35BB889B,Chăm sóc sức khỏe
35BB889B,Đào tạo
35BB889B,Công tác phí
35BB889B,Nghỉ phép năm
35BB8853,Laptop
35BB8853,Chế độ bảo hiểm
35BB8853,Du Lịch
35BB8853,Đồng phục
35BB8853,Chế độ thưởng
35BB8853,Chăm sóc sức khỏe
35BB8853,Đào tạo
35BB8853,Tăng lương
35BB8853,Nghỉ phép năm
35BB88A3,Chế độ bảo hiểm
35BB88A3,Du Lịch
35BB88A3,Đồng phục
35BB88A3,Chế độ thưởng
35BB88A3,Chăm sóc sức khỏe
35BB88A3,Đào tạo
35BB88A3,Tăng lương
35BB88A3,Công tác phí
35BB88A3,Nghỉ phép năm
35BB88A3,CLB thể thao
35BB885C,Unknown
35BB8852,Chế độ bảo hiểm
35BB8852,Du Lịch
35BB8852,Chế độ thưởng
35BB8852,Chăm sóc sức khỏe
35BB8852,Đào tạo
35BB8852,Tăng lương
35BB8852,Nghỉ phép năm
35BB8857,Unknown
35BB885D,Chế độ bảo hiểm
35BB885D,Du Lịch
35BB885D,Chế độ thưởng
35BB885D,Chăm sóc sức khỏe
35BB885D,Đào tạo
35BB885D,Nghỉ phép năm
35BB884F,Chế độ bảo hiểm
35BB884F,Du Lịch
35BB884F,Chế độ thưởng
35BB884F,Chăm sóc sức khỏe
35BB884F,Đào tạo
35BB884F,Tăng lương
35BB8848,Laptop
35BB8848,Chế độ bảo hiểm
35BB8848,Du Lịch
35BB8848,Phụ cấp
35BB8848,Xe đưa đón
35BB8848,Đồng phục
35BB8848,Chế độ thưởng
35BB8848,Chăm sóc sức khỏe
35BB8848,Đào tạo
35BB8848,Tăng lương
35BB8848,Công tác phí
35BB8848,Phụ cấp thâm niên
35BB8848,Nghỉ phép năm
35BB8848,CLB thể thao
35BB8858,Chế độ bảo hiểm
35BB8858,Du Lịch
35BB8858,Phụ cấp
35BB8858,Đồng phục
35BB8858,Chế độ thưởng
35BB8858,Chăm sóc sức khỏe
35BB8858,Đào tạo
35BB8858,Công tác phí
35BB8858,Nghỉ phép năm
35BB885E,Chế độ bảo hiểm
35BB885E,Du Lịch
35BB885E,Phụ cấp
35BB885E,Đồng phục
35BB885E,Chế độ thưởng
35BB885E,Chăm sóc sức khỏe
35BB885E,Đào tạo
35BB885E,Công tác phí
35BB885E,Nghỉ phép năm
35BB885A,Chế độ bảo hiểm
35BB885A,Du Lịch
35BB885A,Phụ cấp
35BB885A,Chế độ thưởng
35BB885A,Chăm sóc sức khỏe
35BB885A,Đào tạo
35BB885A,Tăng lương
35BB885A,Nghỉ phép năm
35BB885B,Chế độ bảo hiểm
35BB885B,Du Lịch
35BB885B,Đồng phục
35BB885B,Chế độ thưởng
35BB885B,Chăm sóc sức khỏe
35BB885B,Đào tạo
35BB885B,Tăng lương
35BB885B,Công tác phí
35BB885B,Nghỉ phép năm
35BB8861,Chế độ bảo hiểm
35BB8861,Du Lịch
35BB8861,Phụ cấp
35BB8861,Đồng phục
35BB8861,Chế độ thưởng
35BB8861,Chăm sóc sức khỏe
35BB8861,Đào tạo
35BB8861,Công tác phí
35BB8861,Nghỉ phép năm
35BB8862,Chế độ bảo hiểm
35BB8862,Du Lịch
35BB8862,Chế độ thưởng
35BB8862,Chăm sóc sức khỏe
35BB8862,Đào tạo
35BB8862,Tăng lương
35BB8863,Chế độ bảo hiểm
35BB8863,Du Lịch
35BB8863,Chế độ thưởng
35BB8863,Chăm sóc sức khỏe
35BB8863,Đào tạo
35BB8863,Tăng lương
35BB8856,Laptop
35BB8856,Chế độ bảo hiểm
35BB8856,Du Lịch
35BB8856,Du lịch nước ngoài
35BB8856,Chế độ thưởng
35BB8856,Chăm sóc sức khỏe
35BB8856,Đào tạo
35BB8856,Tăng lương
35BB8856,Công tác phí
35BB8856,Nghỉ phép năm
35BB87CF,Laptop
35BB87CF,Chế độ bảo hiểm
35BB87CF,Phụ cấp
35BB87CF,Đồng phục
35BB87CF,Chế độ thưởng
35BB87CF,Đào tạo
35BB87CF,Tăng lương
35BB87CF,Phụ cấp thâm niên
35BB8814,Chế độ bảo hiểm
35BB8814,Du Lịch
35BB8814,Phụ cấp
35BB8814,Xe đưa đón
35BB8814,Chế độ thưởng
35BB8814,Chăm sóc sức khỏe
35BB8814,Đào tạo
35BB8814,Tăng lương
35BB8814,Nghỉ phép năm
35BB8812,Chế độ bảo hiểm
35BB8812,Du Lịch
35BB8812,Chế độ thưởng
35BB8812,Chăm sóc sức khỏe
35BB8812,Đào tạo
35BB8812,Tăng lương
35BB8812,Nghỉ phép năm
35BB8816,Unknown
35BB881D,Laptop
35BB881D,Chế độ bảo hiểm
35BB881D,Phụ cấp
35BB881D,Đồng phục
35BB881D,Chế độ thưởng
35BB881D,Đào tạo
35BB881D,Tăng lương
35BB881D,Phụ cấp thâm niên
35BB8815,Unknown
35BB881B,Laptop
35BB881B,Chế độ bảo hiểm
35BB881B,Phụ cấp
35BB881B,Đồng phục
35BB881B,Chế độ thưởng
35BB881B,Đào tạo
35BB881B,Tăng lương
35BB881B,Phụ cấp thâm niên
35BB881E,Laptop
35BB881E,Chế độ bảo hiểm
35BB881E,Phụ cấp
35BB881E,Chế độ thưởng
35BB881E,Đào tạo
35BB881E,Tăng lương
35BB881E,Công tác phí
35BB881E,Nghỉ phép năm
35BB880B,Laptop
35BB880B,Chế độ bảo hiểm
35BB880B,Du Lịch
35BB880B,Phụ cấp
35BB880B,Đồng phục
35BB880B,Chế độ thưởng
35BB880B,Chăm sóc sức khỏe
35BB880B,Đào tạo
35BB880B,Tăng lương
35BB880B,Công tác phí
35BB880B,Phụ cấp thâm niên
35BB880B,Nghỉ phép năm
35BB880B,CLB thể thao
35BB8820,Unknown
